/*
 Navicat MySQL Data Transfer

 Source Server         : mysql
 Source Server Version : 50723
 Source Host           : localhost
 Source Database       : ipodb

 Target Server Version : 50723
 File Encoding         : utf-8

 Date: 09/07/2018 11:56:24 AM
*/

SET NAMES utf8;
SET FOREIGN_KEY_CHECKS = 0;

-- ----------------------------
--  Table structure for `auth_group`
-- ----------------------------
DROP TABLE IF EXISTS `auth_group`;
CREATE TABLE `auth_group` (
  `id` int(11) NOT NULL AUTO_INCREMENT,
  `name` varchar(80) COLLATE utf8_bin NOT NULL,
  PRIMARY KEY (`id`),
  UNIQUE KEY `name` (`name`)
) ENGINE=InnoDB AUTO_INCREMENT=2 DEFAULT CHARSET=utf8 COLLATE=utf8_bin;

-- ----------------------------
--  Records of `auth_group`
-- ----------------------------
BEGIN;
INSERT INTO `auth_group` VALUES ('1', '用户管理员');
COMMIT;

-- ----------------------------
--  Table structure for `auth_group_permissions`
-- ----------------------------
DROP TABLE IF EXISTS `auth_group_permissions`;
CREATE TABLE `auth_group_permissions` (
  `id` int(11) NOT NULL AUTO_INCREMENT,
  `group_id` int(11) NOT NULL,
  `permission_id` int(11) NOT NULL,
  PRIMARY KEY (`id`),
  UNIQUE KEY `auth_group_permissions_group_id_permission_id_0cd325b0_uniq` (`group_id`,`permission_id`),
  KEY `auth_group_permissio_permission_id_84c5c92e_fk_auth_perm` (`permission_id`),
  CONSTRAINT `auth_group_permissio_permission_id_84c5c92e_fk_auth_perm` FOREIGN KEY (`permission_id`) REFERENCES `auth_permission` (`id`),
  CONSTRAINT `auth_group_permissions_group_id_b120cbf9_fk_auth_group_id` FOREIGN KEY (`group_id`) REFERENCES `auth_group` (`id`)
) ENGINE=InnoDB AUTO_INCREMENT=4 DEFAULT CHARSET=utf8 COLLATE=utf8_bin;

-- ----------------------------
--  Records of `auth_group_permissions`
-- ----------------------------
BEGIN;
INSERT INTO `auth_group_permissions` VALUES ('1', '1', '10'), ('2', '1', '11'), ('3', '1', '12');
COMMIT;

-- ----------------------------
--  Table structure for `auth_permission`
-- ----------------------------
DROP TABLE IF EXISTS `auth_permission`;
CREATE TABLE `auth_permission` (
  `id` int(11) NOT NULL AUTO_INCREMENT,
  `name` varchar(255) COLLATE utf8_bin NOT NULL,
  `content_type_id` int(11) NOT NULL,
  `codename` varchar(100) COLLATE utf8_bin NOT NULL,
  PRIMARY KEY (`id`),
  UNIQUE KEY `auth_permission_content_type_id_codename_01ab375a_uniq` (`content_type_id`,`codename`),
  CONSTRAINT `auth_permission_content_type_id_2f476e4b_fk_django_co` FOREIGN KEY (`content_type_id`) REFERENCES `django_content_type` (`id`)
) ENGINE=InnoDB AUTO_INCREMENT=31 DEFAULT CHARSET=utf8 COLLATE=utf8_bin;

-- ----------------------------
--  Records of `auth_permission`
-- ----------------------------
BEGIN;
INSERT INTO `auth_permission` VALUES ('1', 'Can add log entry', '1', 'add_logentry'), ('2', 'Can change log entry', '1', 'change_logentry'), ('3', 'Can delete log entry', '1', 'delete_logentry'), ('4', 'Can add group', '2', 'add_group'), ('5', 'Can change group', '2', 'change_group'), ('6', 'Can delete group', '2', 'delete_group'), ('7', 'Can add permission', '3', 'add_permission'), ('8', 'Can change permission', '3', 'change_permission'), ('9', 'Can delete permission', '3', 'delete_permission'), ('10', 'Can add user', '4', 'add_user'), ('11', 'Can change user', '4', 'change_user'), ('12', 'Can delete user', '4', 'delete_user'), ('13', 'Can add content type', '5', 'add_contenttype'), ('14', 'Can change content type', '5', 'change_contenttype'), ('15', 'Can delete content type', '5', 'delete_contenttype'), ('16', 'Can add session', '6', 'add_session'), ('17', 'Can change session', '6', 'change_session'), ('18', 'Can delete session', '6', 'delete_session'), ('19', 'Can add user profile', '7', 'add_userprofile'), ('20', 'Can change user profile', '7', 'change_userprofile'), ('21', 'Can delete user profile', '7', 'delete_userprofile'), ('22', 'Can add product', '8', 'add_product'), ('23', 'Can change product', '8', 'change_product'), ('24', 'Can delete product', '8', 'delete_product'), ('25', 'Can add underwriter', '9', 'add_underwriter'), ('26', 'Can change underwriter', '9', 'change_underwriter'), ('27', 'Can delete underwriter', '9', 'delete_underwriter'), ('28', 'Can add stock', '10', 'add_stock'), ('29', 'Can change stock', '10', 'change_stock'), ('30', 'Can delete stock', '10', 'delete_stock');
COMMIT;

-- ----------------------------
--  Table structure for `auth_user`
-- ----------------------------
DROP TABLE IF EXISTS `auth_user`;
CREATE TABLE `auth_user` (
  `id` int(11) NOT NULL AUTO_INCREMENT,
  `password` varchar(128) COLLATE utf8_bin NOT NULL,
  `last_login` datetime(6) DEFAULT NULL,
  `is_superuser` tinyint(1) NOT NULL,
  `username` varchar(150) COLLATE utf8_bin NOT NULL,
  `first_name` varchar(30) COLLATE utf8_bin NOT NULL,
  `last_name` varchar(30) COLLATE utf8_bin NOT NULL,
  `email` varchar(254) COLLATE utf8_bin NOT NULL,
  `is_staff` tinyint(1) NOT NULL,
  `is_active` tinyint(1) NOT NULL,
  `date_joined` datetime(6) NOT NULL,
  PRIMARY KEY (`id`),
  UNIQUE KEY `username` (`username`)
) ENGINE=InnoDB AUTO_INCREMENT=3 DEFAULT CHARSET=utf8 COLLATE=utf8_bin;

-- ----------------------------
--  Records of `auth_user`
-- ----------------------------
BEGIN;
INSERT INTO `auth_user` VALUES ('1', 'pbkdf2_sha256$36000$qHd8sZVkUJ6L$oUlZQmOz5tBSA8N6nPwXeGgMMgjy95YA4UUkX4n3CBs=', '2018-09-05 08:02:56.614855', '1', 'admin', '', '', 'kong2030@163.com', '1', '1', '2018-08-19 09:01:14.144223'), ('2', 'pbkdf2_sha256$36000$k2G6EhmcFzRG$uHqPfbPQZJ4BDtR1N4o6LlIysFolUl/ww1CslwCzKNI=', '2018-08-25 13:19:20.655971', '0', 'yangwenren', 'yang', 'wenren', 'kong2030@163.com', '1', '1', '2018-08-19 09:44:01.000000');
COMMIT;

-- ----------------------------
--  Table structure for `auth_user_groups`
-- ----------------------------
DROP TABLE IF EXISTS `auth_user_groups`;
CREATE TABLE `auth_user_groups` (
  `id` int(11) NOT NULL AUTO_INCREMENT,
  `user_id` int(11) NOT NULL,
  `group_id` int(11) NOT NULL,
  PRIMARY KEY (`id`),
  UNIQUE KEY `auth_user_groups_user_id_group_id_94350c0c_uniq` (`user_id`,`group_id`),
  KEY `auth_user_groups_group_id_97559544_fk_auth_group_id` (`group_id`),
  CONSTRAINT `auth_user_groups_group_id_97559544_fk_auth_group_id` FOREIGN KEY (`group_id`) REFERENCES `auth_group` (`id`),
  CONSTRAINT `auth_user_groups_user_id_6a12ed8b_fk_auth_user_id` FOREIGN KEY (`user_id`) REFERENCES `auth_user` (`id`)
) ENGINE=InnoDB AUTO_INCREMENT=2 DEFAULT CHARSET=utf8 COLLATE=utf8_bin;

-- ----------------------------
--  Records of `auth_user_groups`
-- ----------------------------
BEGIN;
INSERT INTO `auth_user_groups` VALUES ('1', '2', '1');
COMMIT;

-- ----------------------------
--  Table structure for `auth_user_user_permissions`
-- ----------------------------
DROP TABLE IF EXISTS `auth_user_user_permissions`;
CREATE TABLE `auth_user_user_permissions` (
  `id` int(11) NOT NULL AUTO_INCREMENT,
  `user_id` int(11) NOT NULL,
  `permission_id` int(11) NOT NULL,
  PRIMARY KEY (`id`),
  UNIQUE KEY `auth_user_user_permissions_user_id_permission_id_14a6b632_uniq` (`user_id`,`permission_id`),
  KEY `auth_user_user_permi_permission_id_1fbb5f2c_fk_auth_perm` (`permission_id`),
  CONSTRAINT `auth_user_user_permi_permission_id_1fbb5f2c_fk_auth_perm` FOREIGN KEY (`permission_id`) REFERENCES `auth_permission` (`id`),
  CONSTRAINT `auth_user_user_permissions_user_id_a95ead1b_fk_auth_user_id` FOREIGN KEY (`user_id`) REFERENCES `auth_user` (`id`)
) ENGINE=InnoDB DEFAULT CHARSET=utf8 COLLATE=utf8_bin;

-- ----------------------------
--  Table structure for `django_admin_log`
-- ----------------------------
DROP TABLE IF EXISTS `django_admin_log`;
CREATE TABLE `django_admin_log` (
  `id` int(11) NOT NULL AUTO_INCREMENT,
  `action_time` datetime(6) NOT NULL,
  `object_id` longtext COLLATE utf8_bin,
  `object_repr` varchar(200) COLLATE utf8_bin NOT NULL,
  `action_flag` smallint(5) unsigned NOT NULL,
  `change_message` longtext COLLATE utf8_bin NOT NULL,
  `content_type_id` int(11) DEFAULT NULL,
  `user_id` int(11) NOT NULL,
  PRIMARY KEY (`id`),
  KEY `django_admin_log_content_type_id_c4bce8eb_fk_django_co` (`content_type_id`),
  KEY `django_admin_log_user_id_c564eba6_fk_auth_user_id` (`user_id`),
  CONSTRAINT `django_admin_log_content_type_id_c4bce8eb_fk_django_co` FOREIGN KEY (`content_type_id`) REFERENCES `django_content_type` (`id`),
  CONSTRAINT `django_admin_log_user_id_c564eba6_fk_auth_user_id` FOREIGN KEY (`user_id`) REFERENCES `auth_user` (`id`)
) ENGINE=InnoDB AUTO_INCREMENT=13 DEFAULT CHARSET=utf8 COLLATE=utf8_bin;

-- ----------------------------
--  Records of `django_admin_log`
-- ----------------------------
BEGIN;
INSERT INTO `django_admin_log` VALUES ('1', '2018-08-19 09:44:01.581368', 0x32, 'yangwenren', '1', 0x5b7b226164646564223a207b7d7d5d, '4', '1'), ('2', '2018-08-19 09:46:48.040568', 0x32, 'yangwenren', '2', 0x5b7b226368616e676564223a207b226669656c6473223a205b2266697273745f6e616d65222c20226c6173745f6e616d65222c2022656d61696c225d7d7d5d, '4', '1'), ('3', '2018-08-19 09:48:02.354575', 0x32, 'yangwenren', '2', 0x5b7b226368616e676564223a207b226669656c6473223a205b2269735f7374616666225d7d7d5d, '4', '1'), ('4', '2018-08-19 10:59:39.575806', 0x32, 'yangwenren', '2', 0x5b7b226164646564223a207b226f626a656374223a20225573657250726f66696c65206f626a656374222c20226e616d65223a2022757365722070726f66696c65227d7d5d, '4', '1'), ('5', '2018-08-19 11:08:10.962094', 0x31, '用户管理员', '1', 0x5b7b226164646564223a207b7d7d5d, '2', '1'), ('6', '2018-08-19 11:09:57.977578', 0x32, 'yangwenren', '2', 0x5b7b226368616e676564223a207b226669656c6473223a205b2267726f757073225d7d7d5d, '4', '1'), ('7', '2018-08-25 15:43:13.486083', 0x31, 'Product object', '1', 0x5b7b226164646564223a207b7d7d5d, '8', '1'), ('8', '2018-08-25 15:45:39.784106', 0x31, 'Product object', '2', 0x5b7b226368616e676564223a207b226669656c6473223a205b2262616e6b5f6163636f756e74225d7d7d5d, '8', '1'), ('9', '2018-08-25 15:48:45.721844', 0x32, 'Product object', '1', 0x5b7b226164646564223a207b7d7d5d, '8', '1'), ('10', '2018-08-25 15:49:52.897830', 0x33, 'Product object', '1', 0x5b7b226164646564223a207b7d7d5d, '8', '1'), ('11', '2018-08-25 15:50:36.824590', 0x34, 'Product object', '1', 0x5b7b226164646564223a207b7d7d5d, '8', '1'), ('12', '2018-09-02 06:01:01.395427', 0x31, 'Stock object', '2', 0x5b7b226368616e676564223a207b226669656c6473223a205b2273735f64617465225d7d7d5d, '10', '1');
COMMIT;

-- ----------------------------
--  Table structure for `django_content_type`
-- ----------------------------
DROP TABLE IF EXISTS `django_content_type`;
CREATE TABLE `django_content_type` (
  `id` int(11) NOT NULL AUTO_INCREMENT,
  `app_label` varchar(100) COLLATE utf8_bin NOT NULL,
  `model` varchar(100) COLLATE utf8_bin NOT NULL,
  PRIMARY KEY (`id`),
  UNIQUE KEY `django_content_type_app_label_model_76bd3d3b_uniq` (`app_label`,`model`)
) ENGINE=InnoDB AUTO_INCREMENT=11 DEFAULT CHARSET=utf8 COLLATE=utf8_bin;

-- ----------------------------
--  Records of `django_content_type`
-- ----------------------------
BEGIN;
INSERT INTO `django_content_type` VALUES ('1', 'admin', 'logentry'), ('2', 'auth', 'group'), ('3', 'auth', 'permission'), ('4', 'auth', 'user'), ('5', 'contenttypes', 'contenttype'), ('6', 'sessions', 'session'), ('8', 'stock', 'product'), ('10', 'stock', 'stock'), ('9', 'stock', 'underwriter'), ('7', 'systemconfig', 'userprofile');
COMMIT;

-- ----------------------------
--  Table structure for `django_migrations`
-- ----------------------------
DROP TABLE IF EXISTS `django_migrations`;
CREATE TABLE `django_migrations` (
  `id` int(11) NOT NULL AUTO_INCREMENT,
  `app` varchar(255) COLLATE utf8_bin NOT NULL,
  `name` varchar(255) COLLATE utf8_bin NOT NULL,
  `applied` datetime(6) NOT NULL,
  PRIMARY KEY (`id`)
) ENGINE=InnoDB AUTO_INCREMENT=22 DEFAULT CHARSET=utf8 COLLATE=utf8_bin;

-- ----------------------------
--  Records of `django_migrations`
-- ----------------------------
BEGIN;
INSERT INTO `django_migrations` VALUES ('1', 'contenttypes', '0001_initial', '2018-08-19 08:52:58.033758'), ('2', 'auth', '0001_initial', '2018-08-19 08:52:58.457375'), ('3', 'admin', '0001_initial', '2018-08-19 08:52:58.550209'), ('4', 'admin', '0002_logentry_remove_auto_add', '2018-08-19 08:52:58.594009'), ('5', 'contenttypes', '0002_remove_content_type_name', '2018-08-19 08:52:58.669342'), ('6', 'auth', '0002_alter_permission_name_max_length', '2018-08-19 08:52:58.704465'), ('7', 'auth', '0003_alter_user_email_max_length', '2018-08-19 08:52:58.748423'), ('8', 'auth', '0004_alter_user_username_opts', '2018-08-19 08:52:58.760174'), ('9', 'auth', '0005_alter_user_last_login_null', '2018-08-19 08:52:58.804163'), ('10', 'auth', '0006_require_contenttypes_0002', '2018-08-19 08:52:58.806843'), ('11', 'auth', '0007_alter_validators_add_error_messages', '2018-08-19 08:52:58.816926'), ('12', 'auth', '0008_alter_user_username_max_length', '2018-08-19 08:52:58.854172'), ('13', 'sessions', '0001_initial', '2018-08-19 08:52:58.899025'), ('14', 'systemconfig', '0001_initial', '2018-08-19 09:31:03.452456'), ('15', 'stock', '0001_initial', '2018-08-25 15:33:38.570651'), ('16', 'stock', '0002_auto_20180825_1544', '2018-08-25 15:44:10.676473'), ('17', 'stock', '0003_auto_20180825_1545', '2018-08-25 15:45:28.300329'), ('18', 'systemconfig', '0002_auto_20180825_1545', '2018-08-25 15:45:28.349071'), ('19', 'stock', '0004_stock', '2018-08-31 04:11:26.335398'), ('20', 'stock', '0005_auto_20180831_1113', '2018-08-31 11:14:01.228199'), ('21', 'stock', '0006_product_status', '2018-09-01 05:42:09.637018');
COMMIT;

-- ----------------------------
--  Table structure for `django_session`
-- ----------------------------
DROP TABLE IF EXISTS `django_session`;
CREATE TABLE `django_session` (
  `session_key` varchar(40) COLLATE utf8_bin NOT NULL,
  `session_data` longtext COLLATE utf8_bin NOT NULL,
  `expire_date` datetime(6) NOT NULL,
  PRIMARY KEY (`session_key`),
  KEY `django_session_expire_date_a5c62663` (`expire_date`)
) ENGINE=InnoDB DEFAULT CHARSET=utf8 COLLATE=utf8_bin;

-- ----------------------------
--  Records of `django_session`
-- ----------------------------
BEGIN;
INSERT INTO `django_session` VALUES ('0r0h1n4luh9p0e8k4c0ta0jg0mylxus3', 0x4d5745335a54526d4d4749785a6a6731596a59314f4463304e6a646d4e6a63784d6d466d4e4451344d6d5669596d526b4e6a67315a547037496c39686458526f5833567a5a584a666147467a61434936496a4a6d4d7a51304e6a63324e4451304d6a55785a4459324e3259774e6a4932596d49784f5467344e474d794d6a67335a474a6c4d6d59694c434a6659585630614639316332567958324a685932746c626d51694f694a6b616d46755a3238755932397564484a70596935686458526f4c6d4a685932746c626d527a4c6b31765a475673516d466a613256755a434973496c39686458526f5833567a5a584a66615751694f694978496e303d, '2018-09-08 01:10:15.853788'), ('1e4ml9vejosre0q38mfdhxelnhoma61k', 0x4d5745335a54526d4d4749785a6a6731596a59314f4463304e6a646d4e6a63784d6d466d4e4451344d6d5669596d526b4e6a67315a547037496c39686458526f5833567a5a584a666147467a61434936496a4a6d4d7a51304e6a63324e4451304d6a55785a4459324e3259774e6a4932596d49784f5467344e474d794d6a67335a474a6c4d6d59694c434a6659585630614639316332567958324a685932746c626d51694f694a6b616d46755a3238755932397564484a70596935686458526f4c6d4a685932746c626d527a4c6b31765a475673516d466a613256755a434973496c39686458526f5833567a5a584a66615751694f694978496e303d, '2018-09-09 11:11:24.050652'), ('29ydivcmyjuyw2g3j36t4beoyfhxojq1', 0x4d5745335a54526d4d4749785a6a6731596a59314f4463304e6a646d4e6a63784d6d466d4e4451344d6d5669596d526b4e6a67315a547037496c39686458526f5833567a5a584a666147467a61434936496a4a6d4d7a51304e6a63324e4451304d6a55785a4459324e3259774e6a4932596d49784f5467344e474d794d6a67335a474a6c4d6d59694c434a6659585630614639316332567958324a685932746c626d51694f694a6b616d46755a3238755932397564484a70596935686458526f4c6d4a685932746c626d527a4c6b31765a475673516d466a613256755a434973496c39686458526f5833567a5a584a66615751694f694978496e303d, '2018-09-14 10:03:55.661918'), ('2u41rl8att3ffxfr9w4ui882lfwdi4rh', 0x4d5745335a54526d4d4749785a6a6731596a59314f4463304e6a646d4e6a63784d6d466d4e4451344d6d5669596d526b4e6a67315a547037496c39686458526f5833567a5a584a666147467a61434936496a4a6d4d7a51304e6a63324e4451304d6a55785a4459324e3259774e6a4932596d49784f5467344e474d794d6a67335a474a6c4d6d59694c434a6659585630614639316332567958324a685932746c626d51694f694a6b616d46755a3238755932397564484a70596935686458526f4c6d4a685932746c626d527a4c6b31765a475673516d466a613256755a434973496c39686458526f5833567a5a584a66615751694f694978496e303d, '2018-09-19 08:02:56.617195'), ('2y6afd4vw6xdwwy9gbfw8m2lzwnztn7a', 0x4d5745335a54526d4d4749785a6a6731596a59314f4463304e6a646d4e6a63784d6d466d4e4451344d6d5669596d526b4e6a67315a547037496c39686458526f5833567a5a584a666147467a61434936496a4a6d4d7a51304e6a63324e4451304d6a55785a4459324e3259774e6a4932596d49784f5467344e474d794d6a67335a474a6c4d6d59694c434a6659585630614639316332567958324a685932746c626d51694f694a6b616d46755a3238755932397564484a70596935686458526f4c6d4a685932746c626d527a4c6b31765a475673516d466a613256755a434973496c39686458526f5833567a5a584a66615751694f694978496e303d, '2018-09-08 01:14:44.336602'), ('33l75b8uu5236nbud7reo9v5hh3oqffv', 0x4d5745335a54526d4d4749785a6a6731596a59314f4463304e6a646d4e6a63784d6d466d4e4451344d6d5669596d526b4e6a67315a547037496c39686458526f5833567a5a584a666147467a61434936496a4a6d4d7a51304e6a63324e4451304d6a55785a4459324e3259774e6a4932596d49784f5467344e474d794d6a67335a474a6c4d6d59694c434a6659585630614639316332567958324a685932746c626d51694f694a6b616d46755a3238755932397564484a70596935686458526f4c6d4a685932746c626d527a4c6b31765a475673516d466a613256755a434973496c39686458526f5833567a5a584a66615751694f694978496e303d, '2018-09-10 08:24:46.981244'), ('3i62xnpcc0lu1w1bzib87n7i0el4dmrk', 0x4d5745335a54526d4d4749785a6a6731596a59314f4463304e6a646d4e6a63784d6d466d4e4451344d6d5669596d526b4e6a67315a547037496c39686458526f5833567a5a584a666147467a61434936496a4a6d4d7a51304e6a63324e4451304d6a55785a4459324e3259774e6a4932596d49784f5467344e474d794d6a67335a474a6c4d6d59694c434a6659585630614639316332567958324a685932746c626d51694f694a6b616d46755a3238755932397564484a70596935686458526f4c6d4a685932746c626d527a4c6b31765a475673516d466a613256755a434973496c39686458526f5833567a5a584a66615751694f694978496e303d, '2018-09-10 08:52:53.144703'), ('3lpguvjhnkgmaifl98rxsnwtqyw9io6r', 0x4d5745335a54526d4d4749785a6a6731596a59314f4463304e6a646d4e6a63784d6d466d4e4451344d6d5669596d526b4e6a67315a547037496c39686458526f5833567a5a584a666147467a61434936496a4a6d4d7a51304e6a63324e4451304d6a55785a4459324e3259774e6a4932596d49784f5467344e474d794d6a67335a474a6c4d6d59694c434a6659585630614639316332567958324a685932746c626d51694f694a6b616d46755a3238755932397564484a70596935686458526f4c6d4a685932746c626d527a4c6b31765a475673516d466a613256755a434973496c39686458526f5833567a5a584a66615751694f694978496e303d, '2018-09-15 06:27:20.846530'), ('48mx0bvcw78bxd4ozumjzu8omqdldigp', 0x4d5745335a54526d4d4749785a6a6731596a59314f4463304e6a646d4e6a63784d6d466d4e4451344d6d5669596d526b4e6a67315a547037496c39686458526f5833567a5a584a666147467a61434936496a4a6d4d7a51304e6a63324e4451304d6a55785a4459324e3259774e6a4932596d49784f5467344e474d794d6a67335a474a6c4d6d59694c434a6659585630614639316332567958324a685932746c626d51694f694a6b616d46755a3238755932397564484a70596935686458526f4c6d4a685932746c626d527a4c6b31765a475673516d466a613256755a434973496c39686458526f5833567a5a584a66615751694f694978496e303d, '2018-09-12 06:50:17.296235'), ('4xwh4p7lbrwrxi7s3edq02g8glbrra8j', 0x4d5745335a54526d4d4749785a6a6731596a59314f4463304e6a646d4e6a63784d6d466d4e4451344d6d5669596d526b4e6a67315a547037496c39686458526f5833567a5a584a666147467a61434936496a4a6d4d7a51304e6a63324e4451304d6a55785a4459324e3259774e6a4932596d49784f5467344e474d794d6a67335a474a6c4d6d59694c434a6659585630614639316332567958324a685932746c626d51694f694a6b616d46755a3238755932397564484a70596935686458526f4c6d4a685932746c626d527a4c6b31765a475673516d466a613256755a434973496c39686458526f5833567a5a584a66615751694f694978496e303d, '2018-09-14 09:57:28.162963'), ('52eoukodemwwqqruoxz4c99uzook69yh', 0x4d5745335a54526d4d4749785a6a6731596a59314f4463304e6a646d4e6a63784d6d466d4e4451344d6d5669596d526b4e6a67315a547037496c39686458526f5833567a5a584a666147467a61434936496a4a6d4d7a51304e6a63324e4451304d6a55785a4459324e3259774e6a4932596d49784f5467344e474d794d6a67335a474a6c4d6d59694c434a6659585630614639316332567958324a685932746c626d51694f694a6b616d46755a3238755932397564484a70596935686458526f4c6d4a685932746c626d527a4c6b31765a475673516d466a613256755a434973496c39686458526f5833567a5a584a66615751694f694978496e303d, '2018-09-11 05:01:01.715698'), ('7kj4b5uzcfuy43ev9q14e0vj1ec0bqta', 0x4d5745335a54526d4d4749785a6a6731596a59314f4463304e6a646d4e6a63784d6d466d4e4451344d6d5669596d526b4e6a67315a547037496c39686458526f5833567a5a584a666147467a61434936496a4a6d4d7a51304e6a63324e4451304d6a55785a4459324e3259774e6a4932596d49784f5467344e474d794d6a67335a474a6c4d6d59694c434a6659585630614639316332567958324a685932746c626d51694f694a6b616d46755a3238755932397564484a70596935686458526f4c6d4a685932746c626d527a4c6b31765a475673516d466a613256755a434973496c39686458526f5833567a5a584a66615751694f694978496e303d, '2018-09-11 05:33:48.319372'), ('8lxaw6o3e2b5n6kbo4ueshp0zkrsoyp0', 0x4d5745335a54526d4d4749785a6a6731596a59314f4463304e6a646d4e6a63784d6d466d4e4451344d6d5669596d526b4e6a67315a547037496c39686458526f5833567a5a584a666147467a61434936496a4a6d4d7a51304e6a63324e4451304d6a55785a4459324e3259774e6a4932596d49784f5467344e474d794d6a67335a474a6c4d6d59694c434a6659585630614639316332567958324a685932746c626d51694f694a6b616d46755a3238755932397564484a70596935686458526f4c6d4a685932746c626d527a4c6b31765a475673516d466a613256755a434973496c39686458526f5833567a5a584a66615751694f694978496e303d, '2018-09-11 04:57:57.272626'), ('8t20bx3g14q986t7qidhgrybt3xdpqk0', 0x4d5745335a54526d4d4749785a6a6731596a59314f4463304e6a646d4e6a63784d6d466d4e4451344d6d5669596d526b4e6a67315a547037496c39686458526f5833567a5a584a666147467a61434936496a4a6d4d7a51304e6a63324e4451304d6a55785a4459324e3259774e6a4932596d49784f5467344e474d794d6a67335a474a6c4d6d59694c434a6659585630614639316332567958324a685932746c626d51694f694a6b616d46755a3238755932397564484a70596935686458526f4c6d4a685932746c626d527a4c6b31765a475673516d466a613256755a434973496c39686458526f5833567a5a584a66615751694f694978496e303d, '2018-09-11 07:22:33.744338'), ('a96vixn6rs0mibkqbd0qs9i3ykg2p989', 0x4d5745335a54526d4d4749785a6a6731596a59314f4463304e6a646d4e6a63784d6d466d4e4451344d6d5669596d526b4e6a67315a547037496c39686458526f5833567a5a584a666147467a61434936496a4a6d4d7a51304e6a63324e4451304d6a55785a4459324e3259774e6a4932596d49784f5467344e474d794d6a67335a474a6c4d6d59694c434a6659585630614639316332567958324a685932746c626d51694f694a6b616d46755a3238755932397564484a70596935686458526f4c6d4a685932746c626d527a4c6b31765a475673516d466a613256755a434973496c39686458526f5833567a5a584a66615751694f694978496e303d, '2018-09-11 08:44:35.617233'), ('b1r58wkz03rnq3iigi3bi7bqte807fiu', 0x4d5745335a54526d4d4749785a6a6731596a59314f4463304e6a646d4e6a63784d6d466d4e4451344d6d5669596d526b4e6a67315a547037496c39686458526f5833567a5a584a666147467a61434936496a4a6d4d7a51304e6a63324e4451304d6a55785a4459324e3259774e6a4932596d49784f5467344e474d794d6a67335a474a6c4d6d59694c434a6659585630614639316332567958324a685932746c626d51694f694a6b616d46755a3238755932397564484a70596935686458526f4c6d4a685932746c626d527a4c6b31765a475673516d466a613256755a434973496c39686458526f5833567a5a584a66615751694f694978496e303d, '2018-09-08 01:11:14.097475'), ('b4i9h04y09s7n47akyntr1pfbm24etm7', 0x4d5745335a54526d4d4749785a6a6731596a59314f4463304e6a646d4e6a63784d6d466d4e4451344d6d5669596d526b4e6a67315a547037496c39686458526f5833567a5a584a666147467a61434936496a4a6d4d7a51304e6a63324e4451304d6a55785a4459324e3259774e6a4932596d49784f5467344e474d794d6a67335a474a6c4d6d59694c434a6659585630614639316332567958324a685932746c626d51694f694a6b616d46755a3238755932397564484a70596935686458526f4c6d4a685932746c626d527a4c6b31765a475673516d466a613256755a434973496c39686458526f5833567a5a584a66615751694f694978496e303d, '2018-09-14 09:48:09.885542'), ('cig4k4ofaf3i5cxs958l5ovfjoymx03m', 0x4d5745335a54526d4d4749785a6a6731596a59314f4463304e6a646d4e6a63784d6d466d4e4451344d6d5669596d526b4e6a67315a547037496c39686458526f5833567a5a584a666147467a61434936496a4a6d4d7a51304e6a63324e4451304d6a55785a4459324e3259774e6a4932596d49784f5467344e474d794d6a67335a474a6c4d6d59694c434a6659585630614639316332567958324a685932746c626d51694f694a6b616d46755a3238755932397564484a70596935686458526f4c6d4a685932746c626d527a4c6b31765a475673516d466a613256755a434973496c39686458526f5833567a5a584a66615751694f694978496e303d, '2018-09-11 05:37:57.172790'), ('ed77ynkno0zrbgcvwitk456vnliaerg1', 0x4d5745335a54526d4d4749785a6a6731596a59314f4463304e6a646d4e6a63784d6d466d4e4451344d6d5669596d526b4e6a67315a547037496c39686458526f5833567a5a584a666147467a61434936496a4a6d4d7a51304e6a63324e4451304d6a55785a4459324e3259774e6a4932596d49784f5467344e474d794d6a67335a474a6c4d6d59694c434a6659585630614639316332567958324a685932746c626d51694f694a6b616d46755a3238755932397564484a70596935686458526f4c6d4a685932746c626d527a4c6b31765a475673516d466a613256755a434973496c39686458526f5833567a5a584a66615751694f694978496e303d, '2018-09-14 09:53:51.437138'), ('ektae3d4krrd2xdfmk50i72c0809c012', 0x4d5745335a54526d4d4749785a6a6731596a59314f4463304e6a646d4e6a63784d6d466d4e4451344d6d5669596d526b4e6a67315a547037496c39686458526f5833567a5a584a666147467a61434936496a4a6d4d7a51304e6a63324e4451304d6a55785a4459324e3259774e6a4932596d49784f5467344e474d794d6a67335a474a6c4d6d59694c434a6659585630614639316332567958324a685932746c626d51694f694a6b616d46755a3238755932397564484a70596935686458526f4c6d4a685932746c626d527a4c6b31765a475673516d466a613256755a434973496c39686458526f5833567a5a584a66615751694f694978496e303d, '2018-09-14 09:50:01.522271'), ('fg7eujyw8fzv0qxdyw52vn9q269246x9', 0x4d5745335a54526d4d4749785a6a6731596a59314f4463304e6a646d4e6a63784d6d466d4e4451344d6d5669596d526b4e6a67315a547037496c39686458526f5833567a5a584a666147467a61434936496a4a6d4d7a51304e6a63324e4451304d6a55785a4459324e3259774e6a4932596d49784f5467344e474d794d6a67335a474a6c4d6d59694c434a6659585630614639316332567958324a685932746c626d51694f694a6b616d46755a3238755932397564484a70596935686458526f4c6d4a685932746c626d527a4c6b31765a475673516d466a613256755a434973496c39686458526f5833567a5a584a66615751694f694978496e303d, '2018-09-09 11:12:51.395254'), ('g860gpbtu2431a20mib79qh3n753b7lz', 0x4d5745335a54526d4d4749785a6a6731596a59314f4463304e6a646d4e6a63784d6d466d4e4451344d6d5669596d526b4e6a67315a547037496c39686458526f5833567a5a584a666147467a61434936496a4a6d4d7a51304e6a63324e4451304d6a55785a4459324e3259774e6a4932596d49784f5467344e474d794d6a67335a474a6c4d6d59694c434a6659585630614639316332567958324a685932746c626d51694f694a6b616d46755a3238755932397564484a70596935686458526f4c6d4a685932746c626d527a4c6b31765a475673516d466a613256755a434973496c39686458526f5833567a5a584a66615751694f694978496e303d, '2018-09-11 08:44:51.554406'), ('gt5phgp22u2ys31wqm4hii6rn37i20pu', 0x4d5745335a54526d4d4749785a6a6731596a59314f4463304e6a646d4e6a63784d6d466d4e4451344d6d5669596d526b4e6a67315a547037496c39686458526f5833567a5a584a666147467a61434936496a4a6d4d7a51304e6a63324e4451304d6a55785a4459324e3259774e6a4932596d49784f5467344e474d794d6a67335a474a6c4d6d59694c434a6659585630614639316332567958324a685932746c626d51694f694a6b616d46755a3238755932397564484a70596935686458526f4c6d4a685932746c626d527a4c6b31765a475673516d466a613256755a434973496c39686458526f5833567a5a584a66615751694f694978496e303d, '2018-09-08 01:10:18.295006'), ('h286cvkkfwmla6pmsr7c9wta71l7wd3y', 0x4d5745335a54526d4d4749785a6a6731596a59314f4463304e6a646d4e6a63784d6d466d4e4451344d6d5669596d526b4e6a67315a547037496c39686458526f5833567a5a584a666147467a61434936496a4a6d4d7a51304e6a63324e4451304d6a55785a4459324e3259774e6a4932596d49784f5467344e474d794d6a67335a474a6c4d6d59694c434a6659585630614639316332567958324a685932746c626d51694f694a6b616d46755a3238755932397564484a70596935686458526f4c6d4a685932746c626d527a4c6b31765a475673516d466a613256755a434973496c39686458526f5833567a5a584a66615751694f694978496e303d, '2018-09-11 09:30:58.604372'), ('h4ke8lz0stkhw6rctgjje44eadrybb9h', 0x4d5745335a54526d4d4749785a6a6731596a59314f4463304e6a646d4e6a63784d6d466d4e4451344d6d5669596d526b4e6a67315a547037496c39686458526f5833567a5a584a666147467a61434936496a4a6d4d7a51304e6a63324e4451304d6a55785a4459324e3259774e6a4932596d49784f5467344e474d794d6a67335a474a6c4d6d59694c434a6659585630614639316332567958324a685932746c626d51694f694a6b616d46755a3238755932397564484a70596935686458526f4c6d4a685932746c626d527a4c6b31765a475673516d466a613256755a434973496c39686458526f5833567a5a584a66615751694f694978496e303d, '2018-09-18 16:22:15.990602'), ('hmngsm3nwglfei3qp6g4eqzj6d8rl7k7', 0x4d5745335a54526d4d4749785a6a6731596a59314f4463304e6a646d4e6a63784d6d466d4e4451344d6d5669596d526b4e6a67315a547037496c39686458526f5833567a5a584a666147467a61434936496a4a6d4d7a51304e6a63324e4451304d6a55785a4459324e3259774e6a4932596d49784f5467344e474d794d6a67335a474a6c4d6d59694c434a6659585630614639316332567958324a685932746c626d51694f694a6b616d46755a3238755932397564484a70596935686458526f4c6d4a685932746c626d527a4c6b31765a475673516d466a613256755a434973496c39686458526f5833567a5a584a66615751694f694978496e303d, '2018-09-11 05:04:01.775792'), ('i529bf71rzyn7ek79pxc3c71974bqy1o', 0x4d5745335a54526d4d4749785a6a6731596a59314f4463304e6a646d4e6a63784d6d466d4e4451344d6d5669596d526b4e6a67315a547037496c39686458526f5833567a5a584a666147467a61434936496a4a6d4d7a51304e6a63324e4451304d6a55785a4459324e3259774e6a4932596d49784f5467344e474d794d6a67335a474a6c4d6d59694c434a6659585630614639316332567958324a685932746c626d51694f694a6b616d46755a3238755932397564484a70596935686458526f4c6d4a685932746c626d527a4c6b31765a475673516d466a613256755a434973496c39686458526f5833567a5a584a66615751694f694978496e303d, '2018-09-10 08:50:03.747460'), ('i6545bjsx2p1ftpt9sh09efftznth9t4', 0x4d5745335a54526d4d4749785a6a6731596a59314f4463304e6a646d4e6a63784d6d466d4e4451344d6d5669596d526b4e6a67315a547037496c39686458526f5833567a5a584a666147467a61434936496a4a6d4d7a51304e6a63324e4451304d6a55785a4459324e3259774e6a4932596d49784f5467344e474d794d6a67335a474a6c4d6d59694c434a6659585630614639316332567958324a685932746c626d51694f694a6b616d46755a3238755932397564484a70596935686458526f4c6d4a685932746c626d527a4c6b31765a475673516d466a613256755a434973496c39686458526f5833567a5a584a66615751694f694978496e303d, '2018-09-11 07:43:54.988271'), ('iadvy2v0aw0e6uhu3sfc70zgifu39o69', 0x4d5745335a54526d4d4749785a6a6731596a59314f4463304e6a646d4e6a63784d6d466d4e4451344d6d5669596d526b4e6a67315a547037496c39686458526f5833567a5a584a666147467a61434936496a4a6d4d7a51304e6a63324e4451304d6a55785a4459324e3259774e6a4932596d49784f5467344e474d794d6a67335a474a6c4d6d59694c434a6659585630614639316332567958324a685932746c626d51694f694a6b616d46755a3238755932397564484a70596935686458526f4c6d4a685932746c626d527a4c6b31765a475673516d466a613256755a434973496c39686458526f5833567a5a584a66615751694f694978496e303d, '2018-09-08 15:35:24.586046'), ('im4kiqjm2trhgly4pb2cui0dsj15la4d', 0x4d5745335a54526d4d4749785a6a6731596a59314f4463304e6a646d4e6a63784d6d466d4e4451344d6d5669596d526b4e6a67315a547037496c39686458526f5833567a5a584a666147467a61434936496a4a6d4d7a51304e6a63324e4451304d6a55785a4459324e3259774e6a4932596d49784f5467344e474d794d6a67335a474a6c4d6d59694c434a6659585630614639316332567958324a685932746c626d51694f694a6b616d46755a3238755932397564484a70596935686458526f4c6d4a685932746c626d527a4c6b31765a475673516d466a613256755a434973496c39686458526f5833567a5a584a66615751694f694978496e303d, '2018-09-11 05:50:03.354430'), ('iygwj0e41qk26j1x9cpskysjvnthpcgp', 0x4d5745335a54526d4d4749785a6a6731596a59314f4463304e6a646d4e6a63784d6d466d4e4451344d6d5669596d526b4e6a67315a547037496c39686458526f5833567a5a584a666147467a61434936496a4a6d4d7a51304e6a63324e4451304d6a55785a4459324e3259774e6a4932596d49784f5467344e474d794d6a67335a474a6c4d6d59694c434a6659585630614639316332567958324a685932746c626d51694f694a6b616d46755a3238755932397564484a70596935686458526f4c6d4a685932746c626d527a4c6b31765a475673516d466a613256755a434973496c39686458526f5833567a5a584a66615751694f694978496e303d, '2018-09-10 12:28:57.860636'), ('kxodw4ynmlfthqa3mm9x20zcz6iq08a1', 0x4d5745335a54526d4d4749785a6a6731596a59314f4463304e6a646d4e6a63784d6d466d4e4451344d6d5669596d526b4e6a67315a547037496c39686458526f5833567a5a584a666147467a61434936496a4a6d4d7a51304e6a63324e4451304d6a55785a4459324e3259774e6a4932596d49784f5467344e474d794d6a67335a474a6c4d6d59694c434a6659585630614639316332567958324a685932746c626d51694f694a6b616d46755a3238755932397564484a70596935686458526f4c6d4a685932746c626d527a4c6b31765a475673516d466a613256755a434973496c39686458526f5833567a5a584a66615751694f694978496e303d, '2018-09-11 04:58:55.731161'), ('mp6mioowv2du29l95gkfnscegmdlfy8v', 0x4d5745335a54526d4d4749785a6a6731596a59314f4463304e6a646d4e6a63784d6d466d4e4451344d6d5669596d526b4e6a67315a547037496c39686458526f5833567a5a584a666147467a61434936496a4a6d4d7a51304e6a63324e4451304d6a55785a4459324e3259774e6a4932596d49784f5467344e474d794d6a67335a474a6c4d6d59694c434a6659585630614639316332567958324a685932746c626d51694f694a6b616d46755a3238755932397564484a70596935686458526f4c6d4a685932746c626d527a4c6b31765a475673516d466a613256755a434973496c39686458526f5833567a5a584a66615751694f694978496e303d, '2018-09-11 05:37:04.316244'), ('p9iqtp2sw9cxzk85pyp8vuiy6vt266eb', 0x4d5745335a54526d4d4749785a6a6731596a59314f4463304e6a646d4e6a63784d6d466d4e4451344d6d5669596d526b4e6a67315a547037496c39686458526f5833567a5a584a666147467a61434936496a4a6d4d7a51304e6a63324e4451304d6a55785a4459324e3259774e6a4932596d49784f5467344e474d794d6a67335a474a6c4d6d59694c434a6659585630614639316332567958324a685932746c626d51694f694a6b616d46755a3238755932397564484a70596935686458526f4c6d4a685932746c626d527a4c6b31765a475673516d466a613256755a434973496c39686458526f5833567a5a584a66615751694f694978496e303d, '2018-09-11 05:48:07.857271'), ('pvb3pzdbicwaecscge1t6f0cy47bo1g1', 0x4f574a694e7a41794f4745784e4751794d3245795a6d5a6c4e6a646c5a6a426a4d6d4d774d57466a5a474e6d596d4d7a5a5759324e547037496c39686458526f5833567a5a584a666147467a61434936496a4a6d4d7a51304e6a63324e4451304d6a55785a4459324e3259774e6a4932596d49784f5467344e474d794d6a67335a474a6c4d6d59694c434a6659585630614639316332567958326c6b496a6f694d534973496c39686458526f5833567a5a584a66596d466a613256755a434936496d52715957356e6279356a62323530636d6c694c6d463164476775596d466a613256755a484d755457396b5a57784359574e725a57356b496e303d, '2018-09-11 10:44:50.593117'), ('q1wlau4965x2j4t7d6qanvnz07tsijyg', 0x4d5745335a54526d4d4749785a6a6731596a59314f4463304e6a646d4e6a63784d6d466d4e4451344d6d5669596d526b4e6a67315a547037496c39686458526f5833567a5a584a666147467a61434936496a4a6d4d7a51304e6a63324e4451304d6a55785a4459324e3259774e6a4932596d49784f5467344e474d794d6a67335a474a6c4d6d59694c434a6659585630614639316332567958324a685932746c626d51694f694a6b616d46755a3238755932397564484a70596935686458526f4c6d4a685932746c626d527a4c6b31765a475673516d466a613256755a434973496c39686458526f5833567a5a584a66615751694f694978496e303d, '2018-09-09 05:43:01.990841'), ('r79y9tjfjmxu99jikib7g4tnup9i4ru8', 0x4d5745335a54526d4d4749785a6a6731596a59314f4463304e6a646d4e6a63784d6d466d4e4451344d6d5669596d526b4e6a67315a547037496c39686458526f5833567a5a584a666147467a61434936496a4a6d4d7a51304e6a63324e4451304d6a55785a4459324e3259774e6a4932596d49784f5467344e474d794d6a67335a474a6c4d6d59694c434a6659585630614639316332567958324a685932746c626d51694f694a6b616d46755a3238755932397564484a70596935686458526f4c6d4a685932746c626d527a4c6b31765a475673516d466a613256755a434973496c39686458526f5833567a5a584a66615751694f694978496e303d, '2018-09-10 08:51:42.585123'), ('rgli55eriieyrvzd01edobce5lwfa7a3', 0x4d5745335a54526d4d4749785a6a6731596a59314f4463304e6a646d4e6a63784d6d466d4e4451344d6d5669596d526b4e6a67315a547037496c39686458526f5833567a5a584a666147467a61434936496a4a6d4d7a51304e6a63324e4451304d6a55785a4459324e3259774e6a4932596d49784f5467344e474d794d6a67335a474a6c4d6d59694c434a6659585630614639316332567958324a685932746c626d51694f694a6b616d46755a3238755932397564484a70596935686458526f4c6d4a685932746c626d527a4c6b31765a475673516d466a613256755a434973496c39686458526f5833567a5a584a66615751694f694978496e303d, '2018-09-09 12:28:23.165652'), ('rn37glie5a1p8twezjbjn5bswxi1nx7b', 0x4d5745335a54526d4d4749785a6a6731596a59314f4463304e6a646d4e6a63784d6d466d4e4451344d6d5669596d526b4e6a67315a547037496c39686458526f5833567a5a584a666147467a61434936496a4a6d4d7a51304e6a63324e4451304d6a55785a4459324e3259774e6a4932596d49784f5467344e474d794d6a67335a474a6c4d6d59694c434a6659585630614639316332567958324a685932746c626d51694f694a6b616d46755a3238755932397564484a70596935686458526f4c6d4a685932746c626d527a4c6b31765a475673516d466a613256755a434973496c39686458526f5833567a5a584a66615751694f694978496e303d, '2018-09-11 03:38:20.392956'), ('sh11qsewi6j6zm6z7wo91v0ltwnw1kei', 0x4d5745335a54526d4d4749785a6a6731596a59314f4463304e6a646d4e6a63784d6d466d4e4451344d6d5669596d526b4e6a67315a547037496c39686458526f5833567a5a584a666147467a61434936496a4a6d4d7a51304e6a63324e4451304d6a55785a4459324e3259774e6a4932596d49784f5467344e474d794d6a67335a474a6c4d6d59694c434a6659585630614639316332567958324a685932746c626d51694f694a6b616d46755a3238755932397564484a70596935686458526f4c6d4a685932746c626d527a4c6b31765a475673516d466a613256755a434973496c39686458526f5833567a5a584a66615751694f694978496e303d, '2018-09-11 12:04:21.665796'), ('smvqh855alr0nsb1nwm9ap1ywyi3dd8k', 0x4d5745335a54526d4d4749785a6a6731596a59314f4463304e6a646d4e6a63784d6d466d4e4451344d6d5669596d526b4e6a67315a547037496c39686458526f5833567a5a584a666147467a61434936496a4a6d4d7a51304e6a63324e4451304d6a55785a4459324e3259774e6a4932596d49784f5467344e474d794d6a67335a474a6c4d6d59694c434a6659585630614639316332567958324a685932746c626d51694f694a6b616d46755a3238755932397564484a70596935686458526f4c6d4a685932746c626d527a4c6b31765a475673516d466a613256755a434973496c39686458526f5833567a5a584a66615751694f694978496e303d, '2018-09-09 12:23:01.717312'), ('swjylxd2qpzx1dpgu86po8cxk8aaxem1', 0x4d5745335a54526d4d4749785a6a6731596a59314f4463304e6a646d4e6a63784d6d466d4e4451344d6d5669596d526b4e6a67315a547037496c39686458526f5833567a5a584a666147467a61434936496a4a6d4d7a51304e6a63324e4451304d6a55785a4459324e3259774e6a4932596d49784f5467344e474d794d6a67335a474a6c4d6d59694c434a6659585630614639316332567958324a685932746c626d51694f694a6b616d46755a3238755932397564484a70596935686458526f4c6d4a685932746c626d527a4c6b31765a475673516d466a613256755a434973496c39686458526f5833567a5a584a66615751694f694978496e303d, '2018-09-11 08:44:20.811161'), ('t83cs3pouuhg5ifq5o3tvx4elj42pag4', 0x4d5745335a54526d4d4749785a6a6731596a59314f4463304e6a646d4e6a63784d6d466d4e4451344d6d5669596d526b4e6a67315a547037496c39686458526f5833567a5a584a666147467a61434936496a4a6d4d7a51304e6a63324e4451304d6a55785a4459324e3259774e6a4932596d49784f5467344e474d794d6a67335a474a6c4d6d59694c434a6659585630614639316332567958324a685932746c626d51694f694a6b616d46755a3238755932397564484a70596935686458526f4c6d4a685932746c626d527a4c6b31765a475673516d466a613256755a434973496c39686458526f5833567a5a584a66615751694f694978496e303d, '2018-09-09 14:43:00.866448'), ('tgc3xaesfo483jesd5dyvemw2g2alkle', 0x4d5745335a54526d4d4749785a6a6731596a59314f4463304e6a646d4e6a63784d6d466d4e4451344d6d5669596d526b4e6a67315a547037496c39686458526f5833567a5a584a666147467a61434936496a4a6d4d7a51304e6a63324e4451304d6a55785a4459324e3259774e6a4932596d49784f5467344e474d794d6a67335a474a6c4d6d59694c434a6659585630614639316332567958324a685932746c626d51694f694a6b616d46755a3238755932397564484a70596935686458526f4c6d4a685932746c626d527a4c6b31765a475673516d466a613256755a434973496c39686458526f5833567a5a584a66615751694f694978496e303d, '2018-09-11 05:44:36.793794'), ('utzzxyt5sdw6igkl004vr1xqp4rnbmpv', 0x4d5745335a54526d4d4749785a6a6731596a59314f4463304e6a646d4e6a63784d6d466d4e4451344d6d5669596d526b4e6a67315a547037496c39686458526f5833567a5a584a666147467a61434936496a4a6d4d7a51304e6a63324e4451304d6a55785a4459324e3259774e6a4932596d49784f5467344e474d794d6a67335a474a6c4d6d59694c434a6659585630614639316332567958324a685932746c626d51694f694a6b616d46755a3238755932397564484a70596935686458526f4c6d4a685932746c626d527a4c6b31765a475673516d466a613256755a434973496c39686458526f5833567a5a584a66615751694f694978496e303d, '2018-09-11 03:23:12.652116'), ('x69fxnbqs714yw1r7g2tusw7bqtlil1l', 0x4d6d526a4f4463325932526d4d4746684e54593159544e694f4442684f574a694e4759314d4463774f545930596a566d5a5467314f447037496c39686458526f5833567a5a584a666147467a61434936496d46684e6a646d5a5441324d444d335a6d55324d7a4e695a546b334e324935596a46684e6a5978596a59324d57466a4e6a526c595455694c434a6659585630614639316332567958324a685932746c626d51694f694a6b616d46755a3238755932397564484a70596935686458526f4c6d4a685932746c626d527a4c6b31765a475673516d466a613256755a434973496c39686458526f5833567a5a584a66615751694f694979496e303d, '2018-09-02 11:11:04.211007'), ('xwg81dkce6ert81sjguixldjihlmc6u3', 0x4d5745335a54526d4d4749785a6a6731596a59314f4463304e6a646d4e6a63784d6d466d4e4451344d6d5669596d526b4e6a67315a547037496c39686458526f5833567a5a584a666147467a61434936496a4a6d4d7a51304e6a63324e4451304d6a55785a4459324e3259774e6a4932596d49784f5467344e474d794d6a67335a474a6c4d6d59694c434a6659585630614639316332567958324a685932746c626d51694f694a6b616d46755a3238755932397564484a70596935686458526f4c6d4a685932746c626d527a4c6b31765a475673516d466a613256755a434973496c39686458526f5833567a5a584a66615751694f694978496e303d, '2018-09-19 04:56:14.514889'), ('xyclfcjz44rkr09a9gn1vohlq0pou9l8', 0x4d5745335a54526d4d4749785a6a6731596a59314f4463304e6a646d4e6a63784d6d466d4e4451344d6d5669596d526b4e6a67315a547037496c39686458526f5833567a5a584a666147467a61434936496a4a6d4d7a51304e6a63324e4451304d6a55785a4459324e3259774e6a4932596d49784f5467344e474d794d6a67335a474a6c4d6d59694c434a6659585630614639316332567958324a685932746c626d51694f694a6b616d46755a3238755932397564484a70596935686458526f4c6d4a685932746c626d527a4c6b31765a475673516d466a613256755a434973496c39686458526f5833567a5a584a66615751694f694978496e303d, '2018-09-11 05:51:51.417529'), ('xynw9woa4pxup63jshgzbciktu952pq1', 0x4d5745335a54526d4d4749785a6a6731596a59314f4463304e6a646d4e6a63784d6d466d4e4451344d6d5669596d526b4e6a67315a547037496c39686458526f5833567a5a584a666147467a61434936496a4a6d4d7a51304e6a63324e4451304d6a55785a4459324e3259774e6a4932596d49784f5467344e474d794d6a67335a474a6c4d6d59694c434a6659585630614639316332567958324a685932746c626d51694f694a6b616d46755a3238755932397564484a70596935686458526f4c6d4a685932746c626d527a4c6b31765a475673516d466a613256755a434973496c39686458526f5833567a5a584a66615751694f694978496e303d, '2018-09-11 05:21:00.213500'), ('yfcqzcdxt5ycbe5a3tf88z55cy3uukt7', 0x4d5745335a54526d4d4749785a6a6731596a59314f4463304e6a646d4e6a63784d6d466d4e4451344d6d5669596d526b4e6a67315a547037496c39686458526f5833567a5a584a666147467a61434936496a4a6d4d7a51304e6a63324e4451304d6a55785a4459324e3259774e6a4932596d49784f5467344e474d794d6a67335a474a6c4d6d59694c434a6659585630614639316332567958324a685932746c626d51694f694a6b616d46755a3238755932397564484a70596935686458526f4c6d4a685932746c626d527a4c6b31765a475673516d466a613256755a434973496c39686458526f5833567a5a584a66615751694f694978496e303d, '2018-09-11 11:44:04.053092'), ('yfxc91jju2my4dpccv5nakdfuh6ehwvg', 0x4d5745335a54526d4d4749785a6a6731596a59314f4463304e6a646d4e6a63784d6d466d4e4451344d6d5669596d526b4e6a67315a547037496c39686458526f5833567a5a584a666147467a61434936496a4a6d4d7a51304e6a63324e4451304d6a55785a4459324e3259774e6a4932596d49784f5467344e474d794d6a67335a474a6c4d6d59694c434a6659585630614639316332567958324a685932746c626d51694f694a6b616d46755a3238755932397564484a70596935686458526f4c6d4a685932746c626d527a4c6b31765a475673516d466a613256755a434973496c39686458526f5833567a5a584a66615751694f694978496e303d, '2018-09-08 05:04:48.336763'), ('z8q09m2j1r6si6zihyrkcz03100uo4ic', 0x4d5745335a54526d4d4749785a6a6731596a59314f4463304e6a646d4e6a63784d6d466d4e4451344d6d5669596d526b4e6a67315a547037496c39686458526f5833567a5a584a666147467a61434936496a4a6d4d7a51304e6a63324e4451304d6a55785a4459324e3259774e6a4932596d49784f5467344e474d794d6a67335a474a6c4d6d59694c434a6659585630614639316332567958324a685932746c626d51694f694a6b616d46755a3238755932397564484a70596935686458526f4c6d4a685932746c626d527a4c6b31765a475673516d466a613256755a434973496c39686458526f5833567a5a584a66615751694f694978496e303d, '2018-09-11 05:49:03.516570');
COMMIT;

-- ----------------------------
--  Table structure for `stock_product`
-- ----------------------------
DROP TABLE IF EXISTS `stock_product`;
CREATE TABLE `stock_product` (
  `id` int(11) NOT NULL AUTO_INCREMENT,
  `product_code` varchar(50) COLLATE utf8_bin NOT NULL,
  `record_code` varchar(50) COLLATE utf8_bin NOT NULL,
  `product_name` varchar(50) COLLATE utf8_bin NOT NULL,
  `shortname` varchar(50) COLLATE utf8_bin NOT NULL,
  `sz_account` varchar(50) COLLATE utf8_bin DEFAULT NULL,
  `sh_account` varchar(50) COLLATE utf8_bin DEFAULT NULL,
  `bank_account` varchar(256) COLLATE utf8_bin DEFAULT NULL,
  `status` int(11) NOT NULL,
  PRIMARY KEY (`id`)
) ENGINE=InnoDB AUTO_INCREMENT=6 DEFAULT CHARSET=utf8 COLLATE=utf8_bin;

-- ----------------------------
--  Records of `stock_product`
-- ----------------------------
BEGIN;
INSERT INTO `stock_product` VALUES ('1', '80088602', 'SH2834', '华泰期货-江苏量化招盈3号资产管理计划', '江苏招盈3号', '0899104737', 'B880693632', null, '1'), ('2', '80088241', 'SJ1419', '华泰期货-银华量化绝对收益资产管理计划', '银华绝对收益', '0899106920', 'B880749548', null, '1'), ('3', '80080601', 'SE9008', '华泰期货-江苏量化招盈2号资产管理计划', '江苏量化招盈2号', '888888', '6668888', null, '1'), ('4', '80088243', 'SH4433', '华泰期货万成2号资产管理计划', '万成2号', '88888888', '88888', null, '0'), ('5', '80080604', 'SE6666', '华泰期货-江苏量化招盈10号资产管理计划', '江苏招盈10号', '88888888', '88888888', null, '1');
COMMIT;

-- ----------------------------
--  Table structure for `stock_stock`
-- ----------------------------
DROP TABLE IF EXISTS `stock_stock`;
CREATE TABLE `stock_stock` (
  `id` int(11) NOT NULL AUTO_INCREMENT,
  `stock_code` varchar(50) COLLATE utf8_bin NOT NULL,
  `stock_name` varchar(50) COLLATE utf8_bin NOT NULL,
  `stock_type` varchar(50) COLLATE utf8_bin NOT NULL,
  `zg_start_date` date NOT NULL,
  `zg_end_date` date NOT NULL,
  `cl_start_date` date NOT NULL,
  `cl_end_date` date NOT NULL,
  `xj_start_date` date NOT NULL,
  `xj_end_date` date NOT NULL,
  `sg_start_date` date NOT NULL,
  `sg_end_date` date NOT NULL,
  `jk_start_date` date NOT NULL,
  `jk_end_date` date NOT NULL,
  `ss_date` date DEFAULT NULL,
  `current_status` int(11) NOT NULL,
  `underwriter_id` int(11) NOT NULL,
  PRIMARY KEY (`id`),
  UNIQUE KEY `stock_stock_stock_code_93cfd036_uniq` (`stock_code`),
  KEY `stock_stock_underwriter_id_fb384613_fk_stock_underwriter_id` (`underwriter_id`),
  CONSTRAINT `stock_stock_underwriter_id_fb384613_fk_stock_underwriter_id` FOREIGN KEY (`underwriter_id`) REFERENCES `stock_underwriter` (`id`)
) ENGINE=InnoDB AUTO_INCREMENT=7 DEFAULT CHARSET=utf8 COLLATE=utf8_bin;

-- ----------------------------
--  Records of `stock_stock`
-- ----------------------------
BEGIN;
INSERT INTO `stock_stock` VALUES ('1', '603225.SH', '新凤鸣', '沪市', '2017-03-27', '2017-03-27', '2017-03-28', '2017-03-28', '2017-03-29', '2017-03-30', '2017-04-07', '2017-04-07', '2017-04-20', '2017-04-20', '2017-04-18', '2', '5'), ('2', '603926.SH', '铁流股份', '沪市', '2017-03-27', '2017-03-27', '2017-03-28', '2017-03-28', '2017-03-29', '2017-03-30', '2017-04-27', '2017-04-27', '2017-05-02', '2017-05-02', '2017-05-10', '7', '1'), ('3', '300641.SZ', '正丹股份', '深市', '2017-03-27', '2017-03-27', '2017-03-28', '2017-03-28', '2017-03-30', '2017-03-30', '2017-04-06', '2017-04-04', '2017-04-10', '2017-04-10', '2017-04-18', '7', '9'), ('4', '603803.SH', '瑞斯康达', '沪市', '2017-03-28', '2017-03-28', '2017-03-29', '2017-03-29', '2017-03-31', '2017-03-31', '2017-04-07', '2017-04-07', '2017-04-11', '2017-04-11', '2017-04-20', '7', '10'), ('6', '603139.SH', '康惠制药', '沪市', '2017-03-27', '2017-03-27', '2017-03-28', '2017-03-28', '2017-03-31', '2017-04-05', '2017-04-10', '2017-04-10', '2017-04-12', '2017-04-12', '2017-04-21', '7', '2');
COMMIT;

-- ----------------------------
--  Table structure for `stock_underwriter`
-- ----------------------------
DROP TABLE IF EXISTS `stock_underwriter`;
CREATE TABLE `stock_underwriter` (
  `id` int(11) NOT NULL AUTO_INCREMENT,
  `underwriter` varchar(50) COLLATE utf8_bin NOT NULL,
  `shortname` varchar(50) COLLATE utf8_bin NOT NULL,
  `telephone` varchar(50) COLLATE utf8_bin NOT NULL,
  `email` varchar(50) COLLATE utf8_bin DEFAULT NULL,
  PRIMARY KEY (`id`)
) ENGINE=InnoDB AUTO_INCREMENT=11 DEFAULT CHARSET=utf8 COLLATE=utf8_bin;

-- ----------------------------
--  Records of `stock_underwriter`
-- ----------------------------
BEGIN;
INSERT INTO `stock_underwriter` VALUES ('1', '安信证券股份有限公司', '安信证券', '010-83321320', ''), ('2', '国金证券股份有限公司', '国金证券', '021-68826806', ''), ('3', '东方花旗证券有限公司', '东方花旗证券', '021-23153663', ''), ('5', '申万宏源证券承销保荐有限责任公司', '申万宏源', '010-88085885', ''), ('6', '国泰君安证券股份有限公司', '国泰君安证券', '021-38676888', ''), ('7', '广发证券股份有限公司', '广发证券', '020－87555297', ''), ('8', '兴业证券股份有限公司', '兴业证券', '021-20370807', ''), ('9', '中国国际金融股份有限公司', '中金公司', '010-65353014', ''), ('10', '招商证券股份有限公司', '招商证券', '0755-25318606', '');
COMMIT;

-- ----------------------------
--  Table structure for `systemconfig_userprofile`
-- ----------------------------
DROP TABLE IF EXISTS `systemconfig_userprofile`;
CREATE TABLE `systemconfig_userprofile` (
  `id` int(11) NOT NULL AUTO_INCREMENT,
  `user_id` int(11) NOT NULL,
  `telephone` varchar(16) COLLATE utf8_bin DEFAULT NULL,
  `mobilephone` varchar(11) COLLATE utf8_bin DEFAULT NULL,
  PRIMARY KEY (`id`),
  UNIQUE KEY `user_id` (`user_id`),
  CONSTRAINT `systemconfig_userprofile_user_id_203ffbf2_fk_auth_user_id` FOREIGN KEY (`user_id`) REFERENCES `auth_user` (`id`)
) ENGINE=InnoDB AUTO_INCREMENT=2 DEFAULT CHARSET=utf8 COLLATE=utf8_bin;

-- ----------------------------
--  Records of `systemconfig_userprofile`
-- ----------------------------
BEGIN;
INSERT INTO `systemconfig_userprofile` VALUES ('1', '2', '0755-88888888', '13570221426');
COMMIT;

SET FOREIGN_KEY_CHECKS = 1;
